GeneticID	PCA1	PCA2	Group	Period
I16413	-0.0286	0.0025	England.and.Wales_IA	-
I16418	-0.0299	0.0053	England.and.Wales_IA	-
I16495	-0.0299	0.0025	England.and.Wales_IA	-
I16499	-0.0348	0.0034	England.and.Wales_IA	-
GEO-002.HO	0.0335	0.0171	Georgian	Modern
GEO-005.HO	0.0251	0.0168	Georgian	Modern
GEO-010.HO	0.0312	0.013	Georgian	Modern
GEO-015.HO	0.0288	0.0214	Georgian	Modern
GEO-020.HO	0.0304	0.0139	Georgian	Modern
GEO-028.HO	0.0271	0.0251	Georgian	Modern
GEO-031.HO	0.0297	0.0198	Georgian	Modern
GEO-032.HO	0.0307	0.0174	Georgian	Modern
GEO-039.HO	0.029	0.0285	Georgian	Modern
GEO-051.HO	0.03	0.0221	Georgian	Modern
GEO-061.HO	0.0308	0.0278	Georgian	Modern
GEO-082.HO	0.0304	0.0302	Georgian	Modern
GEO001.HO	0.0323	0.0199	Georgian	Modern
MOE-001.HO	-0.0299	0.0341	Mordovian	Modern
MOE-002.HO	-0.0327	0.0383	Mordovian	Modern
MOE-010.HO	-0.0289	0.0377	Mordovian	Modern
MOE-014.HO	-0.0252	0.0335	Mordovian	Modern
MOE-015.HO	-0.0304	0.0337	Mordovian	Modern
MOE-020.HO	-0.0282	0.0301	Mordovian	Modern
MOE-025.HO	-0.0282	0.0366	Mordovian	Modern
MOE-036.HO	-0.0303	0.038	Mordovian	Modern
MOE-043.HO	-0.03	0.0366	Mordovian	Modern
MOE-045.HO	-0.0317	0.0418	Mordovian	Modern
MOE-433.HO	-0.0307	0.0275	Mordovian	Modern
MOE-445.HO	-0.0302	0.0393	Mordovian	Modern
MOE-450.HO	-0.0303	0.032	Mordovian	Modern
MOE-451.HO	-0.0329	0.033	Mordovian	Modern
MOE-452.HO	-0.029	0.0319	Mordovian	Modern
MOE-455.HO	-0.0326	0.0363	Mordovian	Modern
MOE-475.HO	-0.033	0.033	Mordovian	Modern
MOE-485.HO	-0.0328	0.0336	Mordovian	Modern
MOE-491.HO	-0.0295	0.0352	Mordovian	Modern
MOE-492.HO	-0.0323	0.0386	Mordovian	Modern
MOE-495.HO	-0.0312	0.0295	Mordovian	Modern
MOE-497.HO	-0.0304	0.0335	Mordovian	Modern
UKR-1283.HO	-0.0278	0.0141	Ukrainian	Modern
UKR-1291.HO	-0.0304	0.0145	Ukrainian	Modern
UKR-1292.HO	-0.0317	0.0204	Ukrainian	Modern
UKR-1377.HO	-0.03	0.0179	Ukrainian	Modern
HGDP00511.HO	-0.0224	-0.0064	French	Modern
HGDP00512.HO	-0.0183	-0.0111	French	Modern
HGDP00513.HO	-0.0196	-0.013	French	Modern
HGDP00514.HO	-0.0224	-0.0082	French	Modern
HGDP00515.HO	-0.024	-0.0106	French	Modern
HGDP00516.HO	-0.016	-0.0075	French	Modern
HGDP00517.HO	-0.0209	-0.0099	French	Modern
HGDP00518.HO	-0.0218	-0.0096	French	Modern
HGDP00519.HO	-0.0258	-0.0015	French	Modern
HGDP00522.HO	-0.0194	-0.0129	French	Modern
HGDP00523.HO	-0.0251	-0.008	French	Modern
HGDP00524.HO	-0.0192	-0.0194	French	Modern
HGDP00525.HO	-0.02	-0.0106	French	Modern
HGDP00526.HO	-0.0219	-0.0076	French	Modern
HGDP00527.HO	-0.0229	-0.0065	French	Modern
HGDP00528.HO	-0.0215	-0.0067	French	Modern
HGDP00529.HO	-0.0201	-0.0097	French	Modern
HGDP00531.HO	-0.0223	-0.0272	French	Modern
HGDP00533.HO	-0.0269	0.0013	French	Modern
HGDP00534.HO	-0.0222	-0.0073	French	Modern
HGDP00535.HO	-0.0251	-0.0015	French	Modern
HGDP00536.HO	-0.0153	-0.0162	French	Modern
HGDP00537.HO	-0.0188	-0.012	French	Modern
HGDP00538.HO	-0.0194	-0.0116	French	Modern
HGDP00539.HO	-0.0189	-0.0177	French	Modern
HGDP00879.HO	-0.0317	0.0346	Russian	Modern
HGDP00880.HO	-0.0322	0.0341	Russian	Modern
HGDP00882.HO	-0.0329	0.0373	Russian	Modern
HGDP00883.HO	-0.0359	0.0356	Russian	Modern
HGDP00884.HO	-0.031	0.0261	Russian	Modern
HGDP00887.HO	-0.0322	0.0328	Russian	Modern
HGDP00888.HO	-0.0297	0.0273	Russian	Modern
HGDP00889.HO	-0.0329	0.0326	Russian	Modern
HGDP00890.HO	-0.034	0.0321	Russian	Modern
HGDP00891.HO	-0.0309	0.0365	Russian	Modern
HGDP00892.HO	-0.0353	0.0341	Russian	Modern
HGDP00893.HO	-0.0334	0.0339	Russian	Modern
HGDP00894.HO	-0.0311	0.0361	Russian	Modern
HGDP00895.HO	-0.0328	0.0319	Russian	Modern
HGDP00896.HO	-0.0308	0.0359	Russian	Modern
HGDP00897.HO	-0.0317	0.0347	Russian	Modern
HGDP00898.HO	-0.0324	0.0412	Russian	Modern
HGDP00899.HO	-0.0291	0.0312	Russian	Modern
HGDP00900.HO	-0.0325	0.0288	Russian	Modern
HGDP00901.HO	-0.0326	0.0335	Russian	Modern
HGDP00902.HO	-0.0309	0.0343	Russian	Modern
HGDP00903.HO	-0.0339	0.0321	Russian	Modern
HGDP01147.HO	-0.0104	-0.0186	Italian_North	Modern
HGDP01151.HO	-0.0108	-0.0228	Italian_North	Modern
HGDP01152.HO	-0.0072	-0.0228	Italian_North	Modern
HGDP01153.HO	-0.0087	-0.0214	Italian_North	Modern
HGDP01155.HO	-0.0061	-0.0221	Italian_North	Modern
HGDP01156.HO	-0.0063	-0.0236	Italian_North	Modern
HGDP01157.HO	-0.0092	-0.017	Italian_North	Modern
HGDP01161.HO	-0.0017	-0.0199	Italian_North	Modern
HGDP01162.HO	9e-4	-0.0159	Italian_North	Modern
HGDP01163.HO	-0.0027	-0.0124	Italian_North	Modern
HGDP01164.HO	-0.0022	-0.0216	Italian_North	Modern
HGDP01166.HO	-0.0036	-0.0192	Italian_North	Modern
HGDP01167.HO	-8e-4	-0.0181	Italian_North	Modern
HGDP01168.HO	-0.0027	-0.0176	Italian_North	Modern
HGDP01169.HO	-3e-4	-0.0166	Italian_North	Modern
HGDP01171.HO	-0.0078	-0.0194	Italian_North	Modern
HGDP01172.HO	-0.0062	-0.0151	Italian_North	Modern
HGDP01173.HO	-0.0098	-0.0209	Italian_North	Modern
HGDP01174.HO	-0.0064	-0.023	Italian_North	Modern
HGDP01177.HO	-0.0097	-0.0233	Italian_North	Modern
HGDP01357.HO	-0.0235	-0.0389	Basque	Modern
HGDP01358.HO	-0.0257	-0.0385	Basque	Modern
HGDP01359.HO	-0.0263	-0.0404	Basque	Modern
HGDP01360.HO	-0.0305	-0.0396	Basque	Modern
HGDP01362.HO	-0.0258	-0.039	Basque	Modern
HGDP01363.HO	-0.0248	-0.0371	Basque	Modern
HGDP01364.HO	-0.0209	-0.0369	Basque	Modern
HGDP01365.HO	-0.0243	-0.0395	Basque	Modern
HGDP01366.HO	-0.0258	-0.0367	Basque	Modern
HGDP01367.HO	-0.027	-0.038	Basque	Modern
HGDP01368.HO	-0.0221	-0.0361	Basque	Modern
HGDP01370.HO	-0.0262	-0.0421	Basque	Modern
HGDP01371.HO	-0.0259	-0.0347	Basque	Modern
HGDP01373.HO	-0.0252	-0.0408	Basque	Modern
HGDP01374.HO	-0.0264	-0.041	Basque	Modern
HGDP01375.HO	-0.023	-0.0395	Basque	Modern
HGDP01377.HO	-0.0253	-0.0393	Basque	Modern
HGDP01378.HO	-0.0246	-0.0355	Basque	Modern
HGDP01379.HO	-0.0266	-0.0411	Basque	Modern
HGDP01380.HO	-0.0247	-0.0433	Basque	Modern
HGDP01381.HO	0.0155	0.0416	Adygei	Modern
HGDP01382.HO	0.0165	0.0367	Adygei	Modern
HGDP01383.HO	0.0172	0.0327	Adygei	Modern
HGDP01385.HO	0.0154	0.0372	Adygei	Modern
HGDP01386.HO	0.018	0.0318	Adygei	Modern
HGDP01387.HO	0.0172	0.0351	Adygei	Modern
HGDP01396.HO	0.0057	0.0347	Adygei	Modern
HGDP01397.HO	0.015	0.0387	Adygei	Modern
HGDP01398.HO	0.0218	0.0348	Adygei	Modern
HGDP01399.HO	0.0194	0.0357	Adygei	Modern
HGDP01400.HO	0.0191	0.0361	Adygei	Modern
HGDP01401.HO	0.0186	0.0362	Adygei	Modern
HGDP01402.HO	0.0133	0.0327	Adygei	Modern
HGDP01403.HO	0.0161	0.0292	Adygei	Modern
HGDP01404.HO	0.0205	0.0406	Adygei	Modern
BulgarianD6.HO	-0.0108	-0.0011	Bulgarian	Modern
BulgarianA4.HO	-0.0134	-3e-4	Bulgarian	Modern
hungary3.HO	-0.0194	0.0022	Hungarian	Modern
LithuanianF1.HO	-0.0433	0.0246	Lithuanian	Modern
iran19.HO	0.0308	0.0196	Iranian	Modern
iran14.HO	0.0272	0.0251	Iranian	Modern
Jordan543.HO	0.044	-0.0322	Jordanian	Modern
BulgarianE2.HO	-0.0101	0.0013	Bulgarian	Modern
BulgarianB4.HO	-0.0064	0.002	Bulgarian	Modern
hungary6.HO	-0.0198	0.001	Hungarian	Modern
lithuania3.HO	-0.038	0.0228	Lithuanian	Modern
iran2.HO	0.0298	0.0326	Iranian	Modern
iran20.HO	0.0324	0.0235	Iranian	Modern
syria361.HO	0.0295	4e-4	Syrian	Modern
Lebanon6.HO	0.0338	0.0116	Lebanese	Modern
SaudiA5.HO	0.0557	-0.0501	Saudi	Modern
Jordan214.HO	0.0403	-0.0193	Jordanian	Modern
BulgarianA1.HO	-0.0067	-8e-4	Bulgarian	Modern
HungarianC5.HO	-0.0251	0.0127	Hungarian	Modern
hungary7.HO	-0.0228	0.0078	Hungarian	Modern
lithuania10.HO	-0.0415	0.0258	Lithuanian	Modern
iran3.HO	0.035	0.0243	Iranian	Modern
syria485.HO	0.0357	-0.0149	Syrian	Modern
Lebanon7.HO	0.0353	-0.0163	Lebanese	Modern
SaudiA6.HO	0.0493	-0.032	Saudi	Modern
Jordan445.HO	0.0423	-0.0313	Jordanian	Modern
BulgarianB1.HO	-0.0094	-0.004	Bulgarian	Modern
HungarianE5.HO	-0.0227	0.0055	Hungarian	Modern
HungarianH3.HO	-0.0249	0.0051	Hungarian	Modern
lithuania9.HO	-0.0406	0.0237	Lithuanian	Modern
syria4.HO	0.0375	-0.0145	Syrian	Modern
Lebanon8.HO	0.033	0.0019	Lebanese	Modern
SaudiA7.HO	0.0361	-0.0158	Saudi	Modern
BulgarianC1.HO	-0.0043	-0.0031	Bulgarian	Modern
hungary15.HO	-0.0213	0.0079	Hungarian	Modern
LithuanianA1.HO	-0.0412	0.0202	Lithuanian	Modern
LithuanianE2.HO	-0.0388	0.023	Lithuanian	Modern
iran11.HO	0.0306	0.0259	Iranian	Modern
Lebanon1.HO	0.0352	-0.0129	Lebanese	Modern
BulgarianF1.HO	-0.0088	0.0016	Bulgarian	Modern
hungary20.HO	-0.0234	0.0027	Hungarian	Modern
lithuania1.HO	-0.038	0.0184	Lithuanian	Modern
lithuania8.HO	-0.0397	0.0234	Lithuanian	Modern
iran16.HO	0.0317	0.0274	Iranian	Modern
Lebanon2.HO	0.0368	-0.015	Lebanese	Modern
saudi1424.HO	0.0551	-0.0456	Saudi	Modern
SaudiA9.HO	0.0469	-0.017	Saudi	Modern
BulgarianH2.HO	-0.0032	-0.0032	Bulgarian	Modern
hungary2.HO	-0.0222	0.0099	Hungarian	Modern
lithuania2.HO	-0.0404	0.0236	Lithuanian	Modern
iran17.HO	0.0342	0.0318	Iranian	Modern
Lebanon3.HO	0.0356	-0.0176	Lebanese	Modern
Jordan503.HO	0.0416	-0.0059	Jordanian	Modern
BulgarianF2.HO	-0.0109	5e-4	Bulgarian	Modern
HungarianD1.HO	-0.0151	0.004	Hungarian	Modern
LithuanianD1.HO	-0.0378	0.0179	Lithuanian	Modern
Jordan646.HO	0.046	-0.0239	Jordanian	Modern
bal102.HO	0.015	0.0377	Balkar	Modern
bal64.HO	0.0172	0.04	Balkar	Modern
mg43.HO	0.0287	0.0308	Georgian	Modern
ch126.HO	0.0165	0.0409	Chechen	Modern
abh27.HO	0.0251	0.0287	Abkhasian	Modern
armenia176.HO	0.0309	0.0069	Armenian	Modern
lez38.HO	0.0199	0.0464	Lezgin	Modern
bal124.HO	0.0155	0.0364	Balkar	Modern
bal97.HO	0.0205	0.0416	Balkar	Modern
mg47.HO	0.0291	0.0261	Georgian	Modern
ch16.HO	0.0157	0.0372	Chechen	Modern
abh41.HO	0.0273	0.0407	Abkhasian	Modern
armenia191.HO	0.0293	0.0111	Armenian	Modern
lez40.HO	0.0143	0.0433	Lezgin	Modern
kumyks44.HO	0.018	0.0378	Kumyk	Modern
bal136.HO	0.0156	0.0375	Balkar	Modern
mg22.HO	0.0276	0.0249	Georgian	Modern
mg49.HO	0.0305	0.0251	Georgian	Modern
ch174.HO	0.0123	0.0372	Chechen	Modern
abh119.HO	0.0284	0.03	Abkhasian	Modern
armenia86.HO	0.0272	0.0086	Armenian	Modern
armenia279.HO	0.0341	0.006	Armenian	Modern
bal22.HO	0.0165	0.0356	Balkar	Modern
mg23.HO	0.0292	0.0259	Georgian	Modern
mg62.HO	0.0319	0.0249	Georgian	Modern
ch179.HO	0.0175	0.0448	Chechen	Modern
abh122.HO	0.0247	0.0267	Abkhasian	Modern
armenia91.HO	0.0338	0.0061	Armenian	Modern
armenia293.HO	0.0318	0.0142	Armenian	Modern
lez49.HO	0.0133	0.0376	Lezgin	Modern
kumyks93.HO	0.0158	0.0363	Kumyk	Modern
bal41.HO	0.0168	0.0384	Balkar	Modern
mg27.HO	0.0322	0.0275	Georgian	Modern
ch193.HO	0.0177	0.0396	Chechen	Modern
abh133.HO	0.0285	0.0363	Abkhasian	Modern
armenia102.HO	0.028	0.0117	Armenian	Modern
lez31.HO	0.0133	0.0388	Lezgin	Modern
lez7.HO	0.0167	0.0362	Lezgin	Modern
kumyks98.HO	0.0166	0.0364	Kumyk	Modern
bal42.HO	0.016	0.0364	Balkar	Modern
mg31.HO	0.0283	0.0255	Georgian	Modern
ch21.HO	0.0146	0.0422	Chechen	Modern
abh147.HO	0.0282	0.032	Abkhasian	Modern
armenia106.HO	0.0285	0.0118	Armenian	Modern
lez33.HO	0.0131	0.038	Lezgin	Modern
lez9.HO	0.0127	0.0353	Lezgin	Modern
kumyks90.HO	0.0113	0.0354	Kumyk	Modern
bal45.HO	0.0176	0.0387	Balkar	Modern
mg34.HO	0.0282	0.0269	Georgian	Modern
ch3.HO	0.0168	0.043	Chechen	Modern
abh154.HO	0.03	0.028	Abkhasian	Modern
armenia139.HO	0.0324	0.0014	Armenian	Modern
lez36.HO	0.0168	0.0417	Lezgin	Modern
kumyks40.HO	0.0198	0.0219	Kumyk	Modern
kumyks94.HO	0.0179	0.0379	Kumyk	Modern
bal50.HO	0.0145	0.0338	Balkar	Modern
mg40.HO	0.0301	0.0285	Georgian	Modern
ch113.HO	0.0159	0.0391	Chechen	Modern
ch31.HO	0.0131	0.0338	Chechen	Modern
abh24.HO	0.0329	0.0287	Abkhasian	Modern
armenia162.HO	0.0324	0.0102	Armenian	Modern
lez37.HO	0.0161	0.039	Lezgin	Modern
kumyks41.HO	0.0144	0.0384	Kumyk	Modern
kumyks97.HO	0.0123	0.0303	Kumyk	Modern
bel43s.HO	-0.0334	0.0219	Belarusian	Modern
UkrBel618.HO	-0.0312	0.0209	Ukrainian	Modern
UkrLv240.HO	-0.0253	0.0186	Ukrainian	Modern
Est393.HO	-0.039	0.0224	Estonian	Modern
Mordovians27.HO	-0.0291	0.036	Mordovian	Modern
bel30s.HO	-0.0339	0.0172	Belarusian	Modern
UkrBel620.HO	-0.0298	0.0166	Ukrainian	Modern
Est375.HO	-0.0391	0.0223	Estonian	Modern
Est380.HO	-0.0403	0.0222	Estonian	Modern
Mordovians28.HO	-0.0316	0.033	Mordovian	Modern
bel72c.HO	-0.0299	0.0198	Belarusian	Modern
UkrBel622.HO	-0.0273	0.0214	Ukrainian	Modern
Est391.HO	-0.0413	0.0251	Estonian	Modern
Est377.HO	-0.0414	0.0272	Estonian	Modern
Mordovians30.HO	-0.0275	0.0409	Mordovian	Modern
bel93c.HO	-0.0342	0.0217	Belarusian	Modern
UkrBel733.HO	-0.0311	0.0201	Ukrainian	Modern
Est372.HO	-0.0403	0.025	Estonian	Modern
Mordovians4.HO	-0.0301	0.0335	Mordovian	Modern
Mordovians31.HO	-0.0303	0.0357	Mordovian	Modern
bel110c.HO	-0.0324	0.0219	Belarusian	Modern
UkrBel736.HO	-0.0275	0.0243	Ukrainian	Modern
Est358.HO	-0.0386	0.0214	Estonian	Modern
Mordovians17.HO	-0.0309	0.0345	Mordovian	Modern
Mordovians1.HO	-0.0277	0.0345	Mordovian	Modern
bel8s.HO	-0.0291	0.0188	Belarusian	Modern
belarusian23vp.HO	-0.0304	0.0251	Belarusian	Modern
Est400.HO	-0.0351	0.0228	Estonian	Modern
Mordovians22.HO	-0.0311	0.0377	Mordovian	Modern
bel23s.HO	-0.0358	0.0198	Belarusian	Modern
belarusian47zp.HO	-0.0335	0.0187	Belarusian	Modern
UkrLv228.HO	-0.0267	0.0172	Ukrainian	Modern
Est397.HO	-0.0369	0.0215	Estonian	Modern
Mordovians32.HO	-0.0317	0.0371	Mordovian	Modern
bel82s.HO	-0.0317	0.0174	Belarusian	Modern
UkrBel614.HO	-0.0315	0.0293	Ukrainian	Modern
UkrLv237.HO	-0.0277	0.0131	Ukrainian	Modern
Est394.HO	-0.0379	0.0229	Estonian	Modern
Mordovians5.HO	-0.0331	0.0328	Mordovian	Modern
saudi1403.HO	0.055	-0.0476	Saudi	Modern
NA15202.HO	-0.0262	0.0029	Hungarian	Modern
NA15725.HO	-0.0276	0.0059	Czech	Modern
NA15733.HO	-0.0262	0.0127	Czech	Modern
NA15762.HO	-0.0317	0.0063	Icelandic	Modern
NA17373.HO	-0.0013	-0.0123	Greek	Modern
NA15203.HO	-0.0246	0.0058	Hungarian	Modern
NA15726.HO	-0.0249	0.0049	Czech	Modern
NA15755.HO	-0.0364	0.0018	Icelandic	Modern
NA15763.HO	-0.0315	0.0057	Icelandic	Modern
NA17374.HO	0.0281	0.0017	Greek	Modern
NA15204.HO	-0.0204	0.008	Hungarian	Modern
NA15727.HO	-0.0284	0.0066	Czech	Modern
NA15756.HO	-0.0313	0.0011	Icelandic	Modern
NA15764.HO	-0.0281	0.0024	Icelandic	Modern
NA17375.HO	0.0091	-0.0083	Greek	Modern
NA15205.HO	-0.0243	0.005	Hungarian	Modern
NA15728.HO	-0.0263	0.0056	Czech	Modern
NA15757.HO	-0.0289	0.0042	Icelandic	Modern
NA15765.HO	-0.0333	0.0045	Icelandic	Modern
NA17376.HO	0.019	-0.0091	Greek	Modern
NA13626.HO	0.0171	0.0392	Adygei	Modern
NA15206.HO	-0.0219	0.0022	Hungarian	Modern
NA15729.HO	-0.0255	0.0063	Czech	Modern
NA15758.HO	-0.0298	0.0084	Icelandic	Modern
NA15766.HO	-0.031	0.0036	Icelandic	Modern
NA17377.HO	-0.0012	-0.0039	Greek	Modern
NA15199.HO	-0.0238	0.0041	Hungarian	Modern
NA15207.HO	-0.0216	0.0103	Hungarian	Modern
NA15730.HO	-0.0247	0.0045	Czech	Modern
NA15759.HO	-0.0314	0.0041	Icelandic	Modern
NA15200.HO	-0.0257	0.0072	Hungarian	Modern
NA15208.HO	-0.0235	0.0015	Hungarian	Modern
NA15731.HO	-0.0278	0.0088	Czech	Modern
NA15760.HO	-0.0326	0.008	Icelandic	Modern
NA15201.HO	-0.0217	0.0043	Hungarian	Modern
NA15724.HO	-0.0287	0.0104	Czech	Modern
NA15732.HO	-0.029	0.0119	Czech	Modern
NA15761.HO	-0.0331	0.008	Icelandic	Modern
NA17372.HO	0.0054	-0.0062	Greek	Modern
HG00104.HO	-0.0254	0.0045	Scottish	Modern
HG01500.HO	-0.0102	-0.0297	Spanish	Modern
HG01501.HO	-0.0112	-0.0285	Spanish	Modern
HG01503.HO	-0.0143	-0.0287	Spanish	Modern
HG01504.HO	-0.0108	-0.0353	Spanish	Modern
HG01506.HO	-0.0136	-0.0278	Spanish	Modern
HG01507.HO	-0.0147	-0.0276	Spanish	Modern
HG01509.HO	-0.0091	-0.0314	Spanish	Modern
HG01510.HO	-0.0149	-0.0244	Spanish	Modern
HG01512.HO	-0.019	-0.0279	Spanish	Modern
HG01513.HO	-0.0179	-0.0314	Spanish	Modern
HG01524.HO	-0.0115	-0.0289	Spanish	Modern
HG01527.HO	-0.0096	-0.0319	Spanish	Modern
HG01528.HO	-0.0131	-0.0361	Spanish	Modern
HG01530.HO	-0.0135	-0.0273	Spanish	Modern
HG01536.HO	-0.0166	-0.0236	Spanish	Modern
HG01537.HO	-0.015	-0.022	Spanish	Modern
HG01605.HO	-0.0146	-0.0292	Spanish	Modern
HG01606.HO	-0.0171	-0.0282	Spanish	Modern
HG01607.HO	-0.01	-0.0271	Spanish	Modern
HG01608.HO	-0.0152	-0.0283	Spanish	Modern
HG01613.HO	-0.0135	-0.0251	Spanish	Modern
HG01615.HO	-0.0137	-0.0221	Spanish	Modern
HG01617.HO	-0.0117	-0.0284	Spanish	Modern
HG01618.HO	-0.0126	-0.0247	Spanish	Modern
HG01619.HO	-0.0102	-0.0325	Spanish	Modern
HG01620.HO	-0.0103	-0.029	Spanish	Modern
HG01623.HO	-0.011	-0.0342	Spanish	Modern
HG01624.HO	-0.0106	-0.0342	Spanish	Modern
HG01625.HO	-0.0133	-0.0223	Spanish	Modern
HG01626.HO	-0.003	-0.0277	Spanish	Modern
HG01747.HO	-0.0142	-0.0271	Spanish	Modern
HG01746.HO	-0.0167	-0.029	Spanish	Modern
HG01675.HO	-0.0164	-0.0323	Spanish	Modern
HG01680.HO	-0.0159	-0.0301	Spanish	Modern
HG01682.HO	-0.0181	-0.0269	Spanish	Modern
HG01679.HO	-0.0154	-0.0314	Spanish	Modern
HG01676.HO	-0.0196	-0.0341	Spanish	Modern
HG01684.HO	-0.0163	-0.028	Spanish	Modern
HG01705.HO	-0.0126	-0.0332	Spanish	Modern
HG01707.HO	-0.0142	-0.028	Spanish	Modern
HG01685.HO	-0.0094	-0.0273	Spanish	Modern
HG01686.HO	-0.0156	-0.0278	Spanish	Modern
HG01704.HO	-0.0092	-0.0291	Spanish	Modern
HG01673.HO	-0.0149	-0.0262	Spanish	Modern
HG01761.HO	-0.0163	-0.0311	Spanish	Modern
HG01770.HO	-0.0135	-0.032	Spanish	Modern
HG01762.HO	-0.0189	-0.025	Spanish	Modern
HG01773.HO	-0.0157	-0.0325	Spanish	Modern
HG02220.HO	-0.0129	-0.0216	Spanish	Modern
HG02238.HO	-0.0144	-0.0325	Spanish	Modern
HG01678.HO	-0.0146	-0.0338	Spanish	Modern
HG01699.HO	-0.0101	-0.0324	Spanish	Modern
HG01697.HO	-0.0106	-0.0287	Spanish	Modern
Malta4AM91.HO	0.0112	-0.0221	Maltese	Modern
Malta8AM91.HO	0.011	-0.0238	Maltese	Modern
CRO53.HO	-0.0197	6e-4	Croatian	Modern
AshkenaziJew5779.HO	0.0149	-0.0194	Jew_Ashkenazi	Modern
SephardiJewTurkey4955.HO	0.0205	-0.0195	Jew_Turkish	Modern
NOR119.HO	-0.0304	0.0052	Norwegian	Modern
NOR124.HO	-0.031	0.0057	Norwegian	Modern
CRO103.HO	-0.0177	0.0054	Croatian	Modern
CRO107.HO	-0.0187	0.0068	Croatian	Modern
SephardiJewTurkey5877.HO	0.0202	-0.021	Jew_Turkish	Modern
TP08.HO	0.0078	-0.0188	Sicilian	Modern
GREEKGRALPOP18.HO	-0.0024	-0.0117	Greek	Modern
AshkenaziJew5782.HO	0.0128	-0.0196	Jew_Ashkenazi	Modern
BEL57.HO	0.0107	-0.0198	Italian_South	Modern
BAS35.HO	-0.0266	-0.0377	Basque	Modern
SR23.HO	0.01	-0.018	Sicilian	Modern
CRO47.HO	-0.0225	-6e-4	Croatian	Modern
NOR106.HO	-0.0268	0.0024	Norwegian	Modern
CRO41.HO	-0.0198	0.0047	Croatian	Modern
Malta7AM91.HO	0.0146	-0.0279	Maltese	Modern
SephardiJewTurkey4953.HO	0.023	-0.0322	Jew_Turkish	Modern
SephardiJewTurkey6077.HO	0.0221	-0.0278	Jew_Turkish	Modern
NOR101.HO	-0.0292	-0.0013	Norwegian	Modern
SephardiJewTurkey5832.HO	0.0245	-0.0234	Jew_Turkish	Modern
YemeniteJew4684.HO	0.0552	-0.0458	Jew_Yemenite	Modern
TP05.HO	0.0107	-0.0222	Sicilian	Modern
Kayseri24392.HO	0.0218	0.0099	Turkish	Modern
YemeniteJew4695.HO	0.057	-0.0522	Jew_Yemenite	Modern
SR60.HO	0.0121	-0.0197	Sicilian	Modern
NOR146.HO	-0.0296	0.0032	Norwegian	Modern
TP06.HO	0.0064	-0.0212	Sicilian	Modern
NOR108.HO	-0.0327	0.003	Norwegian	Modern
CRO66.HO	-0.0142	0.0049	Croatian	Modern
IranianJew1409.HO	0.037	0.0056	Jew_Iranian	Modern
NOR126.HO	-0.0315	0.0028	Norwegian	Modern
SephardiJewTurkey5075.HO	0.018	-0.0187	Jew_Turkish	Modern
GREEKGRALPOP13.HO	5e-4	-0.0106	Greek	Modern
TP07.HO	0.0129	-0.0226	Sicilian	Modern
BAS31.HO	-0.0262	-0.0395	Basque	Modern
ALB191.HO	-0.0041	-0.0021	Albanian	Modern
GREEKGRALPOP15.HO	-0.0021	-0.0048	Greek	Modern
SephardiJewTurkey4950.HO	0.0164	-0.0147	Jew_Turkish	Modern
NOR107.HO	-0.031	0.0054	Norwegian	Modern
SephardiJewTurkey5033.HO	0.0209	-0.0269	Jew_Turkish	Modern
GREEKGRALPOP5.HO	-1e-4	-0.0089	Greek	Modern
YemeniteJew4675.HO	0.053900000000000003	-0.0421	Jew_Yemenite	Modern
CRO153.HO	-0.0175	0.0037	Croatian	Modern
NOR109.HO	-0.033	0.004	Norwegian	Modern
GREEKGRALPOP9.HO	-0.0025	-0.0086	Greek	Modern
TP04.HO	0.0064	-0.0232	Sicilian	Modern
CRO31.HO	-0.0191	0.0027	Croatian	Modern
TP25.HO	0.0092	-0.021	Sicilian	Modern
GREEKGRALPOP4.HO	0.0026	-0.0095	Greek	Modern
LibyanJew1601.HO	0.0311	-0.0379	Jew_Libyan	Modern
CRO93.HO	-0.0195	0.0022	Croatian	Modern
Malta17AM91.HO	0.0128	-0.0307	Maltese	Modern
SR48R.HO	0.0096	-0.0175	Sicilian	Modern
YemeniteJew4938.HO	0.0542	-0.038	Jew_Yemenite	Modern
SR44.HO	0.0098	-0.0216	Sicilian	Modern
SR64.HO	0.0101	-0.0179	Sicilian	Modern
NOR148.HO	-0.0333	0.008	Norwegian	Modern
IraqiJew4061.HO	0.036	-0.0032	Jew_Iraqi	Modern
CYP19.HO	0.0261	-0.0199	Cypriot	Modern
CRO48.HO	-0.0182	0.001	Croatian	Modern
GREEKGRALPOP17.HO	-0.003	-0.0069	Greek	Modern
ALB213.HO	-3e-4	-0.0074	Albanian	Modern
Turkish7BA57.HO	0.0137	0.0118	Turkish	Modern
BAS22.HO	-0.0261	-0.0383	Basque	Modern
GREEKGRALPOP16.HO	0.0011	-0.0105	Greek	Modern
LibyanJew1104.HO	0.0303	-0.0337	Jew_Libyan	Modern
NOR111.HO	-0.0307	0.0026	Norwegian	Modern
BAS25.HO	-0.026	-0.0374	Basque	Modern
BAS32.HO	-0.0228	-0.0423	Basque	Modern
GREEKGRALPOP11.HO	-0.0012	-0.0064	Greek	Modern
GREEKGRALPOP10.HO	0.0013	-0.0039	Greek	Modern
Malta2AM91.HO	0.0175	-0.0168	Maltese	Modern
GREEKGRALPOP3.HO	-0.0021	-0.012	Greek	Modern
Malta16AM91.HO	0.0155	-0.0342	Maltese	Modern
GREEKGRALPOP8.HO	-0.0028	-0.0081	Greek	Modern
IranianJew1132.HO	0.0366	6e-4	Jew_Iranian	Modern
MoroccanJew5126.HO	0.0231	-0.0375	Jew_Moroccan	Modern
Turkish8BA62.HO	0.0062	0.0152	Turkish	Modern
LibyanJew1462.HO	0.0292	-0.0388	Jew_Libyan	Modern
CYP5.HO	0.0265	-0.013	Cypriot	Modern
Cyprus13AJ19.HO	0.0185	-0.0118	Cypriot	Modern
TunisianJew1763.HO	0.0324	-0.0448	Jew_Tunisian	Modern
Malta15AM91.HO	0.0121	-0.0223	Maltese	Modern
MoroccanJew4634.HO	0.0244	-0.0258	Jew_Moroccan	Modern
Istanbul20010.HO	0.0252	0.0171	Turkish	Modern
BAS30.HO	-0.0269	-0.0425	Basque	Modern
Cyprus24AJ19.HO	0.0254	-0.0164	Cypriot	Modern
YemeniteJew4667.HO	0.0588	-0.0581	Jew_Yemenite	Modern
IraqiJew4241.HO	0.0397	-0.0032	Jew_Iraqi	Modern
TunisianJew1544.HO	0.0269	-0.0327	Jew_Tunisian	Modern
AshkenaziJew5783.HO	0.0094	-0.0119	Jew_Ashkenazi	Modern
Turkish4BA57.HO	0.0156	0.0164	Turkish	Modern
AshkenaziJew5704.HO	0.0137	-0.0164	Jew_Ashkenazi	Modern
MoroccanJew4789.HO	0.0244	-0.032	Jew_Moroccan	Modern
IranianJew1159.HO	0.0383	0.0018	Jew_Iranian	Modern
MoroccanJew5168.HO	0.0244	-0.0287	Jew_Moroccan	Modern
IranianJew1513.HO	0.0375	7e-4	Jew_Iranian	Modern
AshkenaziJew5728.HO	0.01	-0.0133	Jew_Ashkenazi	Modern
ALB202.HO	-8e-4	-0.0051	Albanian	Modern
YemeniteJew4960.HO	0.0528	-0.047	Jew_Yemenite	Modern
GREEKGRALPOP12.HO	0.0027	-0.0048	Greek	Modern
AshkenaziJew5790.HO	0.0094	-0.0219	Jew_Ashkenazi	Modern
CYP2.HO	0.0249	-0.0146	Cypriot	Modern
GeorgianJew1607.HO	0.0324	0.0116	Jew_Georgian	Modern
GeorgianJew1671.HO	0.033	0.0057	Jew_Georgian	Modern
Cyprus2AJ19.HO	0.0362	-0.0196	Cypriot	Modern
Adana23114.HO	0.0252	0.0127	Turkish	Modern
GREEKGRALPOP14.HO	2e-4	-0.0127	Greek	Modern
IranianJew1556.HO	0.0353	-0.0029	Jew_Iranian	Modern
TunisianJew1170.HO	0.0294	-0.0393	Jew_Tunisian	Modern
TunisianJew1531.HO	0.0295	-0.041	Jew_Tunisian	Modern
Trabzon21177.HO	0.0328	0.0089	Turkish	Modern
GeorgianJew1577.HO	0.0324	0.006	Jew_Georgian	Modern
BAS28.HO	-0.0255	-0.0384	Basque	Modern
Aydin18784.HO	0.0175	0.0166	Turkish	Modern
IraqiJew1417.HO	0.0387	-0.0041	Jew_Iraqi	Modern
Istanbul19810.HO	0.0191	0.0189	Turkish	Modern
Trabzon21557.HO	0.0322	0.0029	Turkish	Modern
LibyanJew1611.HO	0.0288	-0.0411	Jew_Libyan	Modern
IranianJew1557.HO	0.0311	0.0107	Jew_Iranian	Modern
GeorgianJew1971.HO	0.0313	0.0062	Jew_Georgian	Modern
GeorgianJew1594.HO	0.0341	0.0045	Jew_Georgian	Modern
MoroccanJew4692.HO	0.0253	-0.0353	Jew_Moroccan	Modern
ALB212.HO	-0.0015	-0.0146	Albanian	Modern
IraqiJew1771.HO	0.0355	-0.0051	Jew_Iraqi	Modern
YemeniteJew5433.HO	0.0541	-0.0456	Jew_Yemenite	Modern
ALB220.HO	0.0014	-0.0094	Albanian	Modern
Cyprus22AJ19.HO	0.0233	-0.0203	Cypriot	Modern
YemeniteJew4937.HO	0.0579	-0.041	Jew_Yemenite	Modern
Malta12AM91.HO	0.0126	-0.0298	Maltese	Modern
Trabzon21534.HO	0.029	0.0041	Turkish	Modern
LibyanJew1605.HO	0.0299	-0.0406	Jew_Libyan	Modern
BAS27.HO	-0.0243	-0.0409	Basque	Modern
Cyprus21AJ19.HO	0.0313	-0.0149	Cypriot	Modern
TunisianJew1511.HO	0.0294	-0.0355	Jew_Tunisian	Modern
Turkish9BA57.HO	0.0217	0.0205	Turkish	Modern
Kayseri24075.HO	0.0253	0.0125	Turkish	Modern
IraqiJew4291.HO	0.0386	-0.0061	Jew_Iraqi	Modern
ALB230.HO	-0.0038	-0.0089	Albanian	Modern
Adana23108.HO	0.0349	-0.0129	Turkish	Modern
IranianJew1143.HO	0.0398	-0.0031	Jew_Iranian	Modern
MoroccanJew4683.HO	0.023	-0.0295	Jew_Moroccan	Modern
IranianJew1832.HO	0.0356	0.0018	Jew_Iranian	Modern
GeorgianJew1654.HO	0.0343	0.0044	Jew_Georgian	Modern
BAS33.HO	-0.0238	-0.0375	Basque	Modern
GeorgianJew1883.HO	0.0326	0.0115	Jew_Georgian	Modern
LibyanJew1639.HO	0.0333	-0.0379	Jew_Libyan	Modern
Kayseri24266.HO	0.0223	0.0163	Turkish	Modern
Istanbul25095.HO	-0.0051	0.0153	Turkish	Modern
Aydin18112.HO	0.0203	0.0177	Turkish	Modern
Kayseri24402.HO	0.0196	0.0114	Turkish	Modern
Istanbul25081.HO	0.0149	0.0137	Turkish	Modern
Aydin18596.HO	0.0159	0.0309	Turkish	Modern
Istanbul17778.HO	0.0227	0.0255	Turkish	Modern
IraqiJew1430.HO	0.0385	-0.0015	Jew_Iraqi	Modern
Istanbul15781.HO	0.0027	0.0064	Turkish	Modern
Adana23136.HO	0.0323	-0.0124	Turkish	Modern
AshkenaziJew5788.HO	0.0118	-0.0179	Jew_Ashkenazi	Modern
Adana23113.HO	0.0282	0.024	Turkish	Modern
Trabzon21575.HO	0.0301	0.0077	Turkish	Modern
Aydin18636.HO	0.0187	0.021	Turkish	Modern
Istanbul20040.HO	0.0277	0.0233	Turkish	Modern
Adana23144.HO	0.0265	0.032	Turkish	Modern
Kayseri23967.HO	0.0241	0.0214	Turkish	Modern
IranianJew1845.HO	0.0378	0.0034	Jew_Iranian	Modern
Trabzon21174.HO	0.0271	0.0101	Turkish	Modern
Aydin18873.HO	0.0135	0.0171	Turkish	Modern
Kayseri23892.HO	0.0246	0.0136	Turkish	Modern
Istanbul19185.HO	0.0191	0.0175	Turkish	Modern
Istanbul25098.HO	-0.0062	-0.0017	Turkish	Modern
Adana23133.HO	0.0256	0.0127	Turkish	Modern
Trabzon21515.HO	0.0277	0.0022	Turkish	Modern
Kayseri24032.HO	0.0246	0.0125	Turkish	Modern
Kayseri23549.HO	0.0258	0.0178	Turkish	Modern
Trabzon21544.HO	0.0304	0.01	Turkish	Modern
Adana23150.HO	0.0135	0.0163	Turkish	Modern
Kayseri23271.HO	0.0257	0.0083	Turkish	Modern
Trabzon21645.HO	0.0261	0.0138	Turkish	Modern
Adana23147.HO	0.0269	0	Turkish	Modern
Aydin18483.HO	0.021	0.0332	Turkish	Modern
Aydin18419.HO	0.0161	0.0192	Turkish	Modern
Kayseri24276.HO	0.0285	0.0114	Turkish	Modern
Istanbul19708.HO	0.0226	0.0285	Turkish	Modern
Trabzon21173.HO	0.0323	0.0095	Turkish	Modern
Adana23112.HO	0.023	0.0175	Turkish	Modern
Adana23117.HO	0.0219	0.0149	Turkish	Modern
Lebanese1AQ127.HO	0.0348	-0.0158	Lebanese_Christian	Modern
Lebanese1AQ170.HO	0.0345	-0.0156	Lebanese_Christian	Modern
Lebanese2AQ121.HO	0.0421	-0.0145	Lebanese_Muslim	Modern
Lebanese2AQ127.HO	0.0406	-0.0102	Lebanese_Muslim	Modern
Lebanese4AQ115.HO	0.034	-0.0169	Lebanese_Christian	Modern
Lebanese6AQ115.HO	0.0338	-0.0144	Lebanese_Christian	Modern
Lebanese6AQ170.HO	0.0343	-0.0148	Lebanese_Christian	Modern
Lebanese6AS15.HO	0.031	-0.0118	Lebanese_Muslim	Modern
Lebanese7AQ150.HO	0.0345	-7e-4	Lebanese_Muslim	Modern
Lebanese7AR20.HO	0.033	-0.0041	Lebanese_Muslim	Modern
Lebanese7AR23.HO	0.0369	-0.0113	Lebanese_Muslim	Modern
Lebanese8AS15.HO	0.0322	-0.0181	Lebanese_Christian	Modern
Lebanese10AQ127.HO	0.0412	-0.0248	Lebanese_Muslim	Modern
Lebanese10AR37.HO	0.0361	-0.0134	Lebanese_Christian	Modern
Lebanese11AS14.HO	0.0328	-0.0157	Lebanese_Muslim	Modern
Lebanese20AR21.HO	0.038	-0.0147	Lebanese_Muslim	Modern
Lebanese22BA23.HO	0.0351	-0.013	Lebanese_Christian	Modern
Lebanese24AR27.HO	0.0389	-0.0122	Lebanese_Muslim	Modern
Lebanese30AR21.HO	0.0402	-0.0158	Lebanese_Muslim	Modern
PV019.HO	0.0356	0.0377	Iranian	Modern
PV020.HO	0.0327	0.0292	Iranian	Modern
PV021.HO	0.0316	0.0362	Iranian	Modern
PV022.HO	0.0341	0.0337	Iranian	Modern
PV023.HO	0.0352	0.0388	Iranian	Modern
PV024.HO	0.0347	0.0352	Iranian	Modern
PV025.HO	0.0345	0.0321	Iranian	Modern
PV026.HO	0.0352	0.0388	Iranian	Modern
PV027.HO	0.0352	0.0341	Iranian	Modern
PV028.HO	0.0354	0.035	Iranian	Modern
ITS4.HO	0.0127	-0.0157	Italian_South	Modern
ITS5.HO	0.0082	-0.0173	Italian_South	Modern
ITS7.HO	0.0096	-0.0171	Italian_South	Modern
PV009.HO	0.0325	0.0199	Iranian	Modern
PV010.HO	0.0329	0.026	Iranian	Modern
PV011.HO	0.0316	0.0237	Iranian	Modern
PV012.HO	0.0361	0.0229	Iranian	Modern
PV013.HO	0.0332	0.0285	Iranian	Modern
PV014.HO	0.0294	0.026	Iranian	Modern
PV015.HO	0.0334	0.0237	Iranian	Modern
PV016.HO	0.0338	0.023	Iranian	Modern
PV017.HO	0.0313	0.0266	Iranian	Modern
PV018.HO	0.032	0.0284	Iranian	Modern
PV029.HO	0.0344	0.0248	Iranian	Modern
PV030.HO	0.0342	0.025	Iranian	Modern
PV031.HO	0.0366	0.0344	Iranian	Modern
PV032.HO	0.0342	0.0315	Iranian	Modern
PV033.HO	0.0312	0.028	Iranian	Modern
PV034.HO	0.0315	0.0252	Iranian	Modern
PV035.HO	0.0322	0.0301	Iranian	Modern
PV036.HO	0.039	0.0281	Iranian	Modern
PV037.HO	0.0359	0.0268	Iranian	Modern
PV038.HO	0.0321	0.0297	Iranian	Modern
A306.HO	-0.0194	0.0048	Romanian	Modern
A325.HO	-0.0122	-0.0023	Romanian	Modern
A343.HO	-0.0125	-0.0042	Romanian	Modern
A362.HO	-0.014	9e-4	Romanian	Modern
A374.HO	-0.0144	5e-4	Romanian	Modern
Assyrian151.HO	0.0357	0.0061	Assyrian	Modern
Assyrian152.HO	0.0336	0.0076	Assyrian	Modern
Assyrian153.HO	0.0322	0.0058	Assyrian	Modern
Assyrian155.HO	0.0338	-4e-4	Assyrian	Modern
Assyrian159.HO	0.0358	0.0026	Assyrian	Modern
Assyrian160.HO	0.0333	0.0142	Assyrian	Modern
Assyrian161.HO	0.0352	0.005	Assyrian	Modern
Assyrian162.HO	0.035	0.0054	Assyrian	Modern
Assyrian163.HO	0.0328	0.0079	Assyrian	Modern
Assyrian164.HO	0.0335	8e-4	Assyrian	Modern
Assyrian165.HO	0.0353	0.0049	Assyrian	Modern
G408.HO	-0.0118	0.0045	Romanian	Modern
G421.HO	-0.0114	-0.003	Romanian	Modern
G428.HO	-0.0115	-0.0022	Romanian	Modern
G429.HO	-0.0109	-0.0022	Romanian	Modern
G434.HO	-0.0116	-6e-4	Romanian	Modern
I11699	-0.0191	-0.0182	Austria.Hungary.Slovenia_IA	IA
I11701	-0.0158	-0.0138	Austria.Hungary.Slovenia_IA	IA
I11708	-0.0188	-0.0151	Austria.Hungary.Slovenia_IA	IA
I26628	-0.0311	-0.0098	Channel.Islands_IA	IA
I16430	-0.0274	-0.017	Channel.Islands_IA	IA
I16505	-0.0293	-0.0136	Channel.Islands_IA	IA
I26629	-0.0315	-0.0091	Channel.Islands_IA	IA
I23904	-0.0077	-0.0184	Croatia.Serbia_IA	IA
I23911	-0.0117	-0.0194	Croatia.Serbia_IA	IA
I23995	-0.0116	-0.0146	Croatia.Serbia_IA	IA
I23996	-0.0102	-0.02	Croatia.Serbia_IA	IA
I24638	-0.0149	-0.0212	Croatia.Serbia_IA	IA
I24879	-0.0149	-0.01	Croatia.Serbia_IA	IA
I24882	-0.0132	-0.0189	Croatia.Serbia_IA	IA
I24345	-0.0173	-0.0096	Croatia.Serbia_IA	IA
I26742	-0.0067	-0.0221	Croatia.Serbia_IA	IA
I14983	-0.0244	-0.0067	CzechRepublic.Slovakia.Germany_IA	IA
I15071	-0.0184	-0.001	CzechRepublic.Slovakia.Germany_IA	IA
I16088	-0.0228	-0.004	CzechRepublic.Slovakia.Germany_IA	IA
I16327	-0.0242	-0.0086	CzechRepublic.Slovakia.Germany_IA	IA
I16329	-0.0307	-0.0176	CzechRepublic.Slovakia.Germany_IA	IA
I14984	-0.0243	-0.0152	CzechRepublic.Slovakia.Germany_IA	IA
I14985	-0.024	-0.0103	CzechRepublic.Slovakia.Germany_IA	IA
I14986	-0.0208	-0.0161	CzechRepublic.Slovakia.Germany_IA	IA
I15039	-0.0288	-0.0038	CzechRepublic.Slovakia.Germany_IA	IA
I15043	-0.0248	-0.0175	CzechRepublic.Slovakia.Germany_IA	IA
I15046	-0.0259	-0.0158	CzechRepublic.Slovakia.Germany_IA	IA
I15047	-0.019	-0.0094	CzechRepublic.Slovakia.Germany_IA	IA
I15048	-0.0289	-0.0101	CzechRepublic.Slovakia.Germany_IA	IA
I15951	-0.029	-0.0138	CzechRepublic.Slovakia.Germany_IA	IA
I15952	-0.018	-0.0087	CzechRepublic.Slovakia.Germany_IA	IA
I15954	-0.0193	-0.0181	CzechRepublic.Slovakia.Germany_IA	IA
I16269	-0.0237	0.0025	CzechRepublic.Slovakia.Germany_IA	IA
I16271	-0.0269	-0.0153	CzechRepublic.Slovakia.Germany_IA	IA
I17143	-0.0251	-0.0117	CzechRepublic.Slovakia.Germany_IA	IA
I17146	-0.0236	-0.0187	CzechRepublic.Slovakia.Germany_IA	IA
I17314	-0.022	-0.0108	CzechRepublic.Slovakia.Germany_IA	IA
I17315	-0.0213	-0.0111	CzechRepublic.Slovakia.Germany_IA	IA
I17321	-0.0279	-0.0176	CzechRepublic.Slovakia.Germany_IA	IA
I17323	-0.0258	-0.0204	CzechRepublic.Slovakia.Germany_IA	IA
I17324	-0.0218	-0.0206	CzechRepublic.Slovakia.Germany_IA	IA
I20504	-0.0245	-0.0073	CzechRepublic.Slovakia.Germany_IA	IA
I20513	-0.0177	-0.0167	CzechRepublic.Slovakia.Germany_IA	IA
I20518	-0.0151	-0.0114	CzechRepublic.Slovakia.Germany_IA	IA
I20519	-0.0251	-0.0164	CzechRepublic.Slovakia.Germany_IA	IA
I20521	-0.0161	-0.0054	CzechRepublic.Slovakia.Germany_IA	IA
I20522	-0.023	-0.0137	CzechRepublic.Slovakia.Germany_IA	IA
I11033	-0.0307	-0.0013	England.and.Wales_IA	-
I13758	-0.0295	-0.0037	England.and.Wales_IA	-
I14107	-0.0303	0.0026	England.and.Wales_IA	-
I0525	-0.0291	0.0035	England.and.Wales_IA	-
I14106	-0.0334	-2e-4	England.and.Wales_BA	-
I22057	-0.0305	8e-4	England.and.Wales_BA	-
I22062	-0.0311	-0.0049	England.and.Wales_BA	-
I22064	-0.0317	-0.0018	England.and.Wales_BA	-
I5502	-0.0309	-5e-4	England.and.Wales_BA	-
I12412	-0.0317	-0.003	England.and.Wales_BA	-
I14100	-0.0286	-0.004	England.and.Wales_BA	-
I22055	-0.0305	-0.0045	England.and.Wales_BA	-
I22056	-0.03	0.0012	England.and.Wales_BA	-
I0527	-0.0329	0.0055	England.and.Wales_BA	-
I11034	-0.0334	-0.0035	England.and.Wales_BA	-
I12411	-0.0306	-0.0029	England.and.Wales_BA	-
I12413	-0.0342	0.0017	England.and.Wales_BA	-
I12414	-0.0318	-2e-4	England.and.Wales_BA	-
I12415	-0.0307	-0.0067	England.and.Wales_BA	-
I13751	-0.0286	-0.0015	England.and.Wales_BA	-
I13753	-0.0329	0.0041	England.and.Wales_BA	-
I13754	-0.0302	-5e-4	England.and.Wales_BA	-
I13755	-0.0331	5e-4	England.and.Wales_BA	-
I13756	-0.0329	0.0022	England.and.Wales_IA	-
I13757	-0.0282	1e-4	England.and.Wales_IA	-
I13760	-0.0338	-0.0093	England.and.Wales_IA	-
I14099	-0.0299	-0.0071	England.and.Wales_IA	-
I14101	-0.0305	-0.0034	England.and.Wales_IA	-
I14102	-0.0323	-0.0039	England.and.Wales_IA	-
I14103	-0.0307	-0.004	England.and.Wales_IA	-
I14104	-0.0301	0	England.and.Wales_IA	-
I14105	-0.0306	-7e-4	England.and.Wales_IA	-
I14108	-0.0299	-0.002	England.and.Wales_IA	-
I14327	-0.0299	-0.0033	England.and.Wales_IA	-
I22052	-0.0306	-0.001	England.and.Wales_IA	-
I22060	-0.0308	-0.0037	England.and.Wales_IA	-
I22065	-0.0286	-0.0086	England.and.Wales_IA	-
I5503	-0.0312	0.0036	England.and.Wales_IA	-
I5505	-0.0304	0.0017	England.and.Wales_IA	-
I5506	-0.03	-0.0075	England.and.Wales_IA	-
I5508	-0.0295	0.0023	England.and.Wales_IA	-
I13752	-0.0282	-0.0046	England.and.Wales_IA	-
I11149	-0.0321	-0.0041	England.and.Wales_IA	-
I11154	-0.0298	0.0032	England.and.Wales_IA	-
I11995	-0.0283	-0.0018	England.and.Wales_IA	-
I12610	-0.0318	-0.0115	England.and.Wales_N	-
I12787	-0.0301	-0.0103	England.and.Wales_N	-
I13682	-0.029	0.0018	England.and.Wales_N	-
I13684	-0.0334	-0.0042	England.and.Wales_N	-
I13688	-0.0307	-9e-4	England.and.Wales_N	-
I13689	-0.0292	-0.0074	England.and.Wales_N	-
I14381	-0.0324	-0.0082	England.and.Wales_N	-
I14743_d	-0.0301	0.006	England.and.Wales_N	-
I14747	-0.032	5e-4	England.and.Wales_N	-
I14857	-0.0321	-0.0075	England.and.Wales_N	-
I16600	-0.0269	-0.0133	England.and.Wales_N	-
I16602	-0.0336	-0.0053	England.and.Wales_N	-
I16612	-0.033	0.0026	England.and.Wales_N	-
I16617	-0.0316	0.0012	England.and.Wales_N	-
I16618	-0.0301	-0.0038	England.and.Wales_N	-
I17260	-0.032	-0.0049	England.and.Wales_N	-
I19287	-0.0324	-0.006	England.and.Wales_N	-
I19861	-0.0243	-0.0035	England.and.Wales_N	-
I19862	-0.034	-0.0093	England.and.Wales_N	-
I19863	-0.028	-0.0107	England.and.Wales_IA	-
I19868	-0.0272	-0.0016	England.and.Wales_IA	-
I20585	-0.0274	-0.0075	England.and.Wales_IA	-
I27381	-0.0331	5e-4	England.and.Wales_IA	-
I27382	-0.0285	-0.011	England.and.Wales_IA	-
I12772	-0.0353	0.0011	England.and.Wales_IA	-
I16380	-0.0355	0.0023	England.and.Wales_IA	-
I16388	-0.0302	-0.0039	England.and.Wales_IA	-
I16439	-0.0282	-0.002	England.and.Wales_IA	-
I16440	-0.0291	0.002	England.and.Wales_IA	-
I16441	-0.0322	0.0045	England.and.Wales_IA	-
I16453	-0.032	0.0097	England.and.Wales_IA	-
I16620	-0.0303	-0.0024	England.and.Wales_IA	-
I21305	-0.0303	-0.0011	England.and.Wales_IA	-
I6769	-0.0315	-0.0036	England.and.Wales_IA	-
I0156.SG	-0.0333	0.001	England.and.Wales_IA	-
M1489_noUDG.SG	-0.0285	-0.0028	England.and.Wales_IA	-
I0160.SG	-0.0317	0.0037	England.and.Wales_IA	-
I0789.SG	-0.0293	-0.0014	England.and.Wales_IA	-
I11142	-0.0278	-0.0023	England.and.Wales_IA	-
I11144	-0.0324	-1e-4	England.and.Wales_IA	-
I11145	-0.033	-1e-4	England.and.Wales_IA	-
I12785	-0.0315	-0.001	England.and.Wales_IA	-
I12791	-0.032	-0.0025	England.and.Wales_IA	-
I14351	-0.0271	-0.0025	England.and.Wales_IA	-
I14552_d	-0.0271	-0.009	England.and.Wales_IA	-
I18599	-0.0305	-0.0015	England.and.Wales_IA	-
I19047	-0.0303	0.0016	England.and.Wales_IA	-
I19587	-0.0259	-0.0132	England.and.Wales_IA	-
I19870	-0.0295	-0.0073	England.and.Wales_IA	-
I21302	-0.0304	-0.0133	England.and.Wales_IA	-
I21303	-0.0329	-0.0044	England.and.Wales_IA	-
I21315	-0.0298	-0.0085	England.and.Wales_IA	-
I5365	-0.0337	-0.0053	England.and.Wales_IA	-
I14360	-0.0299	-0.0021	England.and.Wales_IA	-
I11146	-0.0346	-2e-4	England.and.Wales_IA	-
I11147	-0.0292	0.0015	England.and.Wales_Roman	-
I11148	-0.0324	-0.002	England.and.Wales_Roman	-
I11150	-0.0293	-0.0031	England.and.Wales_Roman	-
I11151	-0.0301	-0.0051	England.and.Wales_Roman	-
I11153	-0.0313	-0.0035	England.and.Wales_Roman	-
I11156	-0.0286	-0.0047	England.and.Wales_Roman	-
I11997	-0.0319	-0.0013	England.and.Wales_Roman	-
I12770	-0.0325	-0.0062	England.and.Wales_Roman	-
I12771	-0.032	0.0034	England.and.Wales_Roman	-
I12775	-0.032	3e-4	England.and.Wales_Roman	-
I13615	-0.031	-0.0043	England.and.Wales_Roman	-
I13680	-0.0305	-0.0051	England.and.Wales_Roman	-
I13685	-0.031	-0.0054	England.and.Wales_Roman	-
I13687	-0.0315	9e-4	England.and.Wales_IA	-
I13717	-0.0302	-0.0043	England.and.Wales_IA	-
I13727	-0.0284	-0.0022	England.and.Wales_IA	-
I13728	-0.0305	-0.0028	England.and.Wales_IA	-
I13729	-0.0299	-0.0055	England.and.Wales_IA	-
I13730	-0.0281	-0.0058	England.and.Wales_IA	-
I13731	-0.0341	-0.0012	England.and.Wales_IA	-
I13732	-0.0294	0.0019	England.and.Wales_IA	-
I14347	-0.0351	-0.0017	England.and.Wales_IA	-
I14348	-0.0278	-0.0018	England.and.Wales_IA	-
I14380	-0.0293	-0.0042	England.and.Wales_IA	-
I14549	-0.0287	-0.0043	England.and.Wales_IA	-
I14551	-0.0295	-0.0051	England.and.Wales_IA	-
I14800	-0.0289	-0.0102	England.and.Wales_IA	-
I14801	-0.0324	-0.0045	England.and.Wales_IA	-
I14802	-0.0314	-0.0056	England.and.Wales_IA	-
I14804	-0.0351	-7e-4	England.and.Wales_IA	-
I14806	-0.0278	-7e-4	England.and.Wales_IA	-
I14807	-0.0295	-0.0021	England.and.Wales_IA	-
I14808	-0.0281	-0.0069	England.and.Wales_IA	-
I14858	-0.0317	-0.0012	England.and.Wales_IA	-
I14859	-0.0284	-0.0092	England.and.Wales_IA	-
I14860	-0.0293	-0.0021	England.and.Wales_IA	-
I14863	-0.0336	0.0011	England.and.Wales_IA	-
I14866	-0.0298	-0.0054	England.and.Wales_IA	-
I16591	-0.028	-4e-4	England.and.Wales_IA	-
I16592	-0.0311	-0.0031	England.and.Wales_IA	-
I16593	-0.0274	0.0082	England.and.Wales_IA	-
I16595	-0.0318	4e-4	England.and.Wales_IA	-
I16597	-0.0225	-0.0067	England.and.Wales_IA	-
I16599	-0.033	-2e-4	England.and.Wales_IA	-
I16611	-0.0338	-0.0051	England.and.Wales_IA	-
I17014	-0.0283	-0.0079	England.and.Wales_IA	-
I17015	-0.0347	-0.0069	England.and.Wales_Viking	-
I17016	-0.0271	-6e-4	England.and.Wales_Viking	-
I17261	-0.0279	-0.0091	England.and.Wales_Viking	-
I19044	-0.0279	-0.0063	England.and.Wales_Viking	-
I19045	-0.0287	-0.0056	England.and.Wales_Viking	-
I19046	-0.0286	-0.0064	England.and.Wales_Viking	-
I19207	-0.0294	-0.0046	England.and.Wales_Viking	-
I19211	-0.0275	0.0015	England.and.Wales_Viking	-
I19652	-0.0332	9e-4	England.and.Wales_Viking	-
I19653	-0.0322	-0.0032	England.and.Wales_Viking	-
I19654	-0.0274	-0.0087	England.and.Wales_Viking	-
I19656	-0.0339	-0.0034	England.and.Wales_Viking	-
I19856	-0.024	-0.0054	England.and.Wales_Viking	-
I19873	-0.0309	-0.0136	England.and.Wales_Viking	-
I19874	-0.0337	-0.0036	England.and.Wales_Viking	-
I19907	-0.0278	-6e-4	England.and.Wales_Viking	-
I19908	-0.0266	-0.0095	England.and.Wales_Viking	-
I19909	-0.0294	0.0013	England.and.Wales_Viking	-
I19910	-0.0236	-0.0103	England.and.Wales_Viking	-
I19911	-0.0307	-0.0109	England.and.Wales_IA	-
I19912	-0.0313	8e-4	England.and.Wales_IA	-
I19914	-0.0294	-0.0043	England.and.Wales_IA	-
I20582	-0.0282	-0.0054	England.and.Wales_IA	-
I20586	-0.0281	-6e-4	England.and.Wales_IA	-
I20587	-0.0252	-0.0088	England.and.Wales_IA	-
I20588	-0.0274	-0.0095	England.and.Wales_IA	-
I20589	-0.0319	-0.0021	England.and.Wales_IA	-
I20620	-0.0399	-0.0019	England.and.Wales_IA	-
I20627	-0.0292	-0.0024	England.and.Wales_IA	-
I20990	-0.0335	-0.0026	England.and.Wales_IA	-
I21178	-0.0291	-0.0043	England.and.Wales_IA	-
I21179	-0.0303	-9e-4	England.and.Wales_IA	-
I21180	-0.03	-0.0066	England.and.Wales_IA	-
I21181	-0.0289	-0.0042	England.and.Wales_IA	-
I21182	-0.0277	-0.004	England.and.Wales_IA	-
I21293	-0.0354	-6e-4	England.and.Wales_IA	-
I3014	-0.0311	-4e-4	England.and.Wales_IA	-
I7632	-0.0278	-0.0072	England.and.Wales_IA	-
I11143	-0.0294	-0.0033	England.and.Wales_IA	-
I11152	-0.034	-0.0078	England.and.Wales_IA	-
I11991	-0.0286	-0.0048	England.and.Wales_IA	-
I11992	-0.0313	-0.0059	England.and.Wales_IA	-
I11993	-0.0346	-0.0044	England.and.Wales_IA	-
I11994	-0.0308	-0.0033	England.and.Wales_IA	-
I12790	-0.0324	-0.0019	England.and.Wales_IA	-
I12793	-0.0316	-0.0043	England.and.Wales_IA	-
I12926	-0.0323	-0.0032	England.and.Wales_IA	-
I13616	-0.0326	0.0079	England.and.Wales_IA	-
I13726	-0.0288	-0.0071	England.and.Wales_IA	-
I14353	-0.0279	-0.0094	England.and.Wales_IA	-
I14809	-0.0314	-0.0062	England.and.Wales_IA	-
I14837	-0.0338	-1e-4	England.and.Wales_IA	-
I16386	-0.0286	-0.0044	England.and.Wales_IA	-
I16450	-0.0315	-0.0024	England.and.Wales_IA	-
I16455	-0.0368	-0.0113	England.and.Wales_IA	-
I16457	-0.026	-0.0074	England.and.Wales_IA	-
I16458	-0.0315	-0.0028	England.and.Wales_IA	-
I16601	-0.0337	-6e-4	England.and.Wales_IA	-
I16619	-0.0271	0.0028	England.and.Wales_IA	-
I17262	-0.031	-0.0082	England.and.Wales_IA	-
I17263	-0.0323	-0.0103	England.and.Wales_IA	-
I17264	-0.0284	-0.0082	England.and.Wales_IA	-
I17266	-0.0264	-0.0098	England.and.Wales_IA	-
I17267	-0.0322	-0.0033	England.and.Wales_IA	-
I19040	-0.0306	-0.0032	England.and.Wales_IA	-
I19042	-0.0318	-0.0024	England.and.Wales_IA	-
I19657	-0.0331	-0.0046	England.and.Wales_IA	-
I19854	-0.0313	-0.003	England.and.Wales_IA	-
I19855	-0.0295	-0.0104	England.and.Wales_IA	-
I20584	-0.0295	-0.0071	England.and.Wales_IA	-
I20621	-0.028	0.002	England.and.Wales_IA	-
I20622	-0.0331	0.0019	England.and.Wales_IA	-
I20623	-0.027	-0.0014	England.and.Wales_IA	-
I20624	-0.0285	-0.0084	England.and.Wales_IA	-
I20626	-0.0348	-0.0073	England.and.Wales_IA	-
I20628	-0.0366	0.0026	England.and.Wales_IA	-
I20630_d	-0.0337	0.0044	England.and.Wales_IA	-
I20631	-0.0323	-0.0052	England.and.Wales_IA	-
I20634	-0.0298	0.0108	England.and.Wales_IA	-
I20982	-0.0302	-0.0073	England.and.Wales_IA	-
I20983	-0.0308	-0.0048	England.and.Wales_IA	-
I20984	-0.0301	-0.0042	England.and.Wales_IA	-
I20985	-0.0317	-0.0088	England.and.Wales_IA	-
I20986	-0.0311	-0.0042	England.and.Wales_IA	-
I20987	-0.0267	-0.0041	England.and.Wales_IA	-
I20988	-0.0321	-0.0055	England.and.Wales_IA	-
I20989	-0.0331	-0.0067	England.and.Wales_IA	-
I21271	-0.0301	-0.0115	England.and.Wales_IA	-
I21272	-0.03	-0.0013	England.and.Wales_IA	-
I21274	-0.0247	-0.0031	England.and.Wales_IA	-
I21275	-0.0324	-0.007	England.and.Wales_IA	-
I21277	-0.0312	-9e-4	England.and.Wales_IA	-
I21307	-0.031	-0.0028	England.and.Wales_IA	-
I21308	-0.0345	-0.0036	England.and.Wales_IA	-
I21309	-0.0294	-0.0065	England.and.Wales_IA	-
I21310	-0.0314	-0.0043	England.and.Wales_IA	-
I21311	-0.0286	-0.0077	England.and.Wales_IA	-
I21312	-0.0274	-0.0086	England.and.Wales_IA	-
I21313	-0.0299	-0.0107	England.and.Wales_IA	-
I21314	-0.0288	-0.009	England.and.Wales_IA	-
I14378	-0.0324	0.0036	England.and.Wales_IA	-
Jeb8.SG	-0.0238	-0.0115	France.Switzerland_IA	IA
NOR3-15.SG	-0.0229	-0.0124	France.Switzerland_IA	IA
NOR3-6.SG	-0.0278	-0.0105	France.Switzerland_IA	IA
I19356	-0.0271	2e-4	France.Switzerland_IA	IA
I19357	-0.0332	-0.0069	France.Switzerland_IA	IA
I19358	-0.0257	-0.0071	France.Switzerland_IA	IA
I19359	-0.0242	-0.0097	France.Switzerland_IA	IA
I19362	-0.0327	0.0019	France.Switzerland_IA	IA
I20813	-0.0203	-0.0227	France.Switzerland_IA	IA
I20815	-0.0239	-0.0112	France.Switzerland_IA	IA
I20817	-0.0292	5e-4	France.Switzerland_IA	IA
I20827	-0.0281	-0.0152	France.Switzerland_IA	IA
I21402	-0.0264	-0.0157	France.Switzerland_IA	IA
I21931	-0.0248	-0.0085	France.Switzerland_IA	IA
COL11.SG	-0.0253	-0.0057	France.Switzerland_IA	IA
COL153A.SG	-0.0296	-0.0101	France.Switzerland_IA	IA
COL153i.SG	-0.0238	-0.0175	France.Switzerland_IA	IA
ERS1164.SG	-0.0257	-0.006	France.Switzerland_IA	IA
ERS86.SG	-0.0183	-0.0088	France.Switzerland_IA	IA
ATT26.SG	-0.0271	-0.0078	France.Switzerland_IA	IA
BFM265.SG	-0.0246	-0.0091	France.Switzerland_IA	IA
I15027	-0.0293	-0.0053	France.Switzerland_IA	IA
BES1248.SG	-0.0269	-0.0034	France.Switzerland_IA	IA
PEY53.SG	-0.0234	-0.0122	France.Switzerland_IA	IA
HG00096.SG	-0.0357	3e-4	Scottish	Modern
HG00101.SG	-0.0351	0.0022	Scottish	Modern
HG00102.SG	-0.0395	-0.0068	Scottish	Modern
HG00106.SG	-0.0358	0.0056	Scottish	Modern
HG00107.SG	-0.0392	0.0021	Scottish	Modern
HG00108.SG	-0.0343	6e-4	Scottish	Modern
HG00109.SG	-0.0357	-0.0078	Scottish	Modern
HG00111.SG	-0.0359	0.0025	Scottish	Modern
HG00114.SG	-0.0365	-0.0022	Scottish	Modern
HG00118.SG	-0.0336	-0.0059	Scottish	Modern
HG00121.SG	-0.0366	0.0082	Scottish	Modern
HG00125.SG	-0.0359	0.0087	Scottish	Modern
HG00126.SG	-0.0348	-0.0068	English	Modern
HG00127.SG	-0.0342	-0.0033	English	Modern
HG00128.SG	-0.0319	-0.0071	English	Modern
HG00129.SG	-0.0343	-0.0034	English	Modern
HG00130.SG	-0.0297	-0.0083	English	Modern
HG00136.SG	-0.0349	0.0012	English	Modern
HG00137.SG	-0.0358	-0.0059	English	Modern
HG00138.SG	-0.0326	-0.0096	English	Modern
HG00142.SG	-0.0312	-0.0106	English	Modern
HG00143.SG	-0.0314	-0.001	English	Modern
HG00150.SG	-0.0327	-0.0016	English	Modern
HG00151.SG	-0.0346	-0.0052	English	Modern
HG00154.SG	-0.0337	-0.0033	English	Modern
HG00158.SG	-0.0338	0.0029	English	Modern
HG00231.SG	-0.0304	-7e-4	English	Modern
HG00232.SG	-0.0299	-0.0066	English	Modern
HG00233.SG	-0.0329	-0.0163	English	Modern
HG00234.SG	-0.0335	-0.0038	English	Modern
HG00237.SG	-0.0333	-0.0039	English	Modern
HG00242.SG	-0.0329	-0.0019	English	Modern
HG00246.SG	-0.0314	-8e-4	English	Modern
HG00251.SG	-0.0347	-0.0073	English	Modern
HG00252.SG	-0.0364	-0.0041	English	Modern
HG00255.SG	-0.0342	0.0034	English	Modern
HG00257.SG	-0.0321	2e-4	English	Modern
HG00259.SG	-0.0337	-0.0055	English	Modern
HG00260.SG	-0.0332	-0.0015	English	Modern
HG00261.SG	-0.0317	-0.0053	English	Modern
HG00263.SG	-0.0328	-0.0076	English	Modern
HG00265.SG	-0.0352	-0.009	English	Modern
HG01334.SG	-0.032	0.0031	English	Modern
HG01789.SG	-0.0343	-0.0088	English	Modern
HG01790.SG	-0.0312	-0.0052	English	Modern
HG01791.SG	-0.0317	-0.0038	English	Modern
MX265	-0.0194	-0.0044	CzechRepublic.Slovakia.Germany_IA	IA
I18227	-0.0254	-0.0146	Austria.Hungary.Slovenia_IA	IA
I18213	-0.0221	-0.0129	Austria.Hungary.Slovenia_IA	IA
I18239	-0.0165	-0.0157	Austria.Hungary.Slovenia_IA	IA
I18246	-0.0199	-0.0128	Austria.Hungary.Slovenia_IA	IA
I18181	-0.0269	-0.014	Austria.Hungary.Slovenia_IA	IA
I18220	-0.02	-0.0101	Austria.Hungary.Slovenia_IA	IA
I18488	-0.0217	-0.0171	Austria.Hungary.Slovenia_IA	IA
I18526	-0.0187	-0.0201	Austria.Hungary.Slovenia_IA	IA
I18527	-0.0241	-0.0109	Austria.Hungary.Slovenia_IA	IA
I18528	-0.011	-0.0119	Austria.Hungary.Slovenia_IA	IA
I18529	-0.0157	-0.0153	Austria.Hungary.Slovenia_IA	IA
I18530	-0.0178	-0.0223	Austria.Hungary.Slovenia_IA	IA
I18531	-0.0177	-0.0191	Austria.Hungary.Slovenia_IA	IA
I18834	-0.0153	-0.0124	Austria.Hungary.Slovenia_IA	IA
I18838	-0.0205	-0.0172	Austria.Hungary.Slovenia_IA	IA
I18840	-0.0235	-0.0178	Austria.Hungary.Slovenia_IA	IA
I25510	-0.012	-0.0159	Austria.Hungary.Slovenia_IA	IA
I25516	-0.0231	-0.0178	Austria.Hungary.Slovenia_IA	IA
I25519	-0.0195	-0.0132	Austria.Hungary.Slovenia_IA	IA
I25522	-0.014	-0.0105	Austria.Hungary.Slovenia_IA	IA
I4996	-0.0227	-0.0112	Austria.Hungary.Slovenia_IA	IA
DA195_noUDG.SG	-0.0152	-0.0104	Austria.Hungary.Slovenia_IA	IA
I18489	-0.0171	-0.0142	Austria.Hungary.Slovenia_IA	IA
I12903	-0.0393	0.0112	Netherlands_IA	IA
I12905	-0.0386	0.009	Netherlands_IA	IA
I11631	-0.0349	0.0159	Netherlands_IA	IA
I17750	-0.0341	0.0064	Netherlands_IA	IA
I12906	-0.0306	-0.0027	Netherlands_IA	IA
HGDP00666.DG	-0.0038	-0.0607	Sardinian	Modern
HGDP00667.DG	-0.0082	-0.0551	Sardinian	Modern
HGDP00668.DG	-0.0049	-0.0642	Sardinian	Modern
HGDP00669.DG	-0.0048	-0.0592	Sardinian	Modern
HGDP00670.DG	-0.0053	-0.0647	Sardinian	Modern
HGDP00671.DG	-0.0058	-0.0611	Sardinian	Modern
HGDP00673.DG	-0.0018	-0.0598	Sardinian	Modern
HGDP00674.DG	-0.0057	-0.0621	Sardinian	Modern
HGDP01063.DG	-0.0043	-0.0622	Sardinian	Modern
HGDP01064.DG	-0.0033	-0.0685	Sardinian	Modern
HGDP01065.DG	-0.0072	-0.0625	Sardinian	Modern
HGDP01066.DG	-0.0055	-0.0682	Sardinian	Modern
HGDP01067.DG	-0.0014	-0.0637	Sardinian	Modern
HGDP01068.DG	-9e-4	-0.0604	Sardinian	Modern
HGDP01069.DG	-0.0054	-0.0642	Sardinian	Modern
HGDP01070.DG	-0.0036	-0.0626	Sardinian	Modern
HGDP01071.DG	-0.0031	-0.0601	Sardinian	Modern
HGDP01072.DG	-0.0014	-0.0609	Sardinian	Modern
HGDP01073.DG	-0.0037	-0.065	Sardinian	Modern
HGDP01074.DG	-0.0043	-0.0603	Sardinian	Modern
HGDP01075.DG	-0.0024	-0.0661	Sardinian	Modern
HGDP01076.DG	-0.0034	-0.0624	Sardinian	Modern
HGDP01077.DG	-0.0031	-0.0572	Sardinian	Modern
HGDP01078.DG	-0.005	-0.0566	Sardinian	Modern
HGDP01079.DG	-0.0059	-0.0618	Sardinian	Modern
I16498	-0.0341	0.0088	Scotland_IA	-
I2692	-0.0304	6e-4	Scotland_IA	-
I16504	-0.0336	9e-4	Scotland_PostIA	-
I2693	-0.0305	0.001	Scotland_IA	-
I2699	-0.0313	0.0202	Scotland_IA	-
I27384	-0.0309	4e-4	Scotland_PostIA	-
I27385	-0.0309	0.0018	Scotland_PostIA	-
I2799	-0.0343	-0.0033	Scotland_IA	-
I2824	-0.0336	-0.0032	Scotland_IA	-
I3566	-0.0344	0.0036	Scotland_IA	-
I3567	-0.0363	0.0097	Scotland_IA	-
I3568	-0.0329	0.0021	Scotland_IA	-
I5474	-0.0222	3e-4	Scotland_IA	-
I2983	-0.0347	0.0065	Scotland_IA	-
I16422	-0.0358	0.0075	Scotland_IA	-
I2694	-0.0325	0.0077	Scotland_IA	-
I2695	-0.0332	0.0038	Scotland_IA	-
I2696	-0.0362	0.0026	Scotland_IA	-
I11717	-0.0287	-0.0086	CzechRepublic.Slovakia.Germany_IA	IA
I12107	-0.0217	-1e-4	CzechRepublic.Slovakia.Germany_IA	IA
I12110	-0.0211	-0.014	CzechRepublic.Slovakia.Germany_IA	IA
I14467	-0.0274	-0.0027	CzechRepublic.Slovakia.Germany_IA	IA
I14468	-0.0368	0.0094	CzechRepublic.Slovakia.Germany_IA	IA
I11712	-0.0243	-0.014	CzechRepublic.Slovakia.Germany_IA	IA
I11713	-0.0259	-0.0161	CzechRepublic.Slovakia.Germany_IA	IA
I11715	-0.0271	-0.012	CzechRepublic.Slovakia.Germany_IA	IA
I11716	-0.0199	-0.0125	CzechRepublic.Slovakia.Germany_IA	IA
I22937	-0.0141	-0.0202	Austria.Hungary.Slovenia_IA	IA
I22938	-0.0166	-0.015	Austria.Hungary.Slovenia_IA	IA
I23978	-0.0195	-0.0178	Austria.Hungary.Slovenia_IA	IA
I5689	-0.0227	-0.0109	Austria.Hungary.Slovenia_IA	IA
I5693	-0.0171	-0.0228	Austria.Hungary.Slovenia_IA	IA
I12171	-0.0202	-0.0392	Spain.Portugal_IA	IA
I8209	-0.0274	-0.0253	Spain.Portugal_IA	IA
I8210	-0.0252	-0.0283	Spain.Portugal_IA	IA
I8212	-0.0251	-0.0134	Spain.Portugal_IA	IA
I8214	-0.027	-0.0178	Spain.Portugal_IA	IA
I8341	-0.0286	-0.0254	Spain.Portugal_IA	IA
I8344	-0.0317	-0.0064	Spain.Portugal_IA	IA
I8203	-0.0233	-0.023	Spain.Portugal_IA	IA
I12410	-0.0218	-0.0374	Spain.Portugal_IA	IA
I12640	-0.0206	-0.0427	Spain.Portugal_IA	IA
I12641	-0.0252	-0.0456	Spain.Portugal_IA	IA
I12877	-0.0154	-0.0406	Spain.Portugal_IA	IA
I12878	-0.0242	-0.039	Spain.Portugal_IA	IA
I12879	-0.0266	-0.0248	Spain.Portugal_IA	IA
I19722	-0.0236	-0.0398	Spain.Portugal_IA	IA
I3320	-0.0211	-0.0305	Spain.Portugal_IA	IA
I3321_d	-0.0265	-0.0395	Spain.Portugal_IA	IA
I3322	-0.0242	-0.0394	Spain.Portugal_IA	IA
I3327	-0.025	-0.0418	Spain.Portugal_IA	IA
I4556	-0.0227	-0.0377	Spain.Portugal_IA	IA
I3758	-0.0254	-0.03	Spain.Portugal_IA	IA
I3759	-0.0248	-0.0265	Spain.Portugal_IA	IA
I3757	-0.0164	-0.0334	Spain.Portugal_IA	IA
I3324	-0.0286	-0.0269	Spain.Portugal_IA	IA
I12561	-0.0275	-0.042	Spain.Portugal_IA	IA
I19987	-0.0267	-0.0352	Spain.Portugal_IA	IA
I19989	-0.0184	-0.0315	Spain.Portugal_IA	IA
I19990	-0.0192	-0.0381	Spain.Portugal_IA	IA
I19991	-0.0201	-0.0363	Spain.Portugal_IA	IA
I6771	-0.032	-0.0012	England.and.Wales_IA	-
I16405	-0.0298	-0.001	England.and.Wales_IA	-
I16475	-0.0283	5e-4	England.and.Wales_IA	-
